<?xml version="1.0" encoding="UTF-8"?>
<java version="1.7.0_79" class="java.beans.XMLDecoder">
 <object class="gameandwatch.GameAndWatch">
  <void property="generateur">
   <object class="gameandwatch.Generateur">
    <void property="increment">
     <double>500.0</double>
    </void>
    <void property="periode">
     <double>1000.0</double>
    </void>
   </object>
  </void>
  <void property="items">
   <object class="java.util.ArrayList">
    <void method="add">
     <object class="gameandwatch.Item">
      <void property="gentil">
       <boolean>true</boolean>
      </void>
      <void property="trajectoire">
       <object class="gameandwatch.Trajectoire">
        <void property="points">
         <object class="java.util.ArrayList">
          <void method="add">
           <object class="gameandwatch.SpritePoint">
            <void property="point">
             <object class="gameandwatch.Point">
              <void property="x">
               <int>310</int>
              </void>
              <void property="y">
               <int>10</int>
              </void>
             </object>
            </void>
            <void property="sprite">
             <object class="gameandwatch.Sprite">
              <void property="nom">
               <string>Thug-Life-Glasses-PNG-02286_debut_course_1.png</string>
              </void>
             </object>
            </void>
           </object>
          </void>
          <void method="add">
           <object class="gameandwatch.SpritePoint">
            <void property="point">
             <object class="gameandwatch.Point">
              <void property="x">
               <int>210</int>
              </void>
              <void property="y">
               <int>110</int>
              </void>
             </object>
            </void>
            <void property="sprite">
             <object class="gameandwatch.Sprite">
              <void property="nom">
               <string>Thug-Life-Glasses-PNG-02286_apd_course_1.png</string>
              </void>
             </object>
            </void>
           </object>
          </void>
          <void method="add">
           <object class="gameandwatch.SpritePoint">
            <void property="point">
             <object class="gameandwatch.Point">
              <void property="x">
               <int>110</int>
              </void>
              <void property="y">
               <int>210</int>
              </void>
             </object>
            </void>
            <void property="sprite">
             <object class="gameandwatch.Sprite">
              <void property="nom">
               <string>Thug-Life-Glasses-PNG-02286_avf_course_1.png</string>
              </void>
             </object>
            </void>
           </object>
          </void>
          <void method="add">
           <object class="gameandwatch.SpritePoint">
            <void property="point">
             <object class="gameandwatch.Point">
              <void property="x">
               <int>10</int>
              </void>
              <void property="y">
               <int>310</int>
              </void>
             </object>
            </void>
            <void property="sprite">
             <object class="gameandwatch.Sprite">
              <void property="nom">
               <string>Thug-Life-Glasses-PNG-02286_bout_course_1.png</string>
              </void>
             </object>
            </void>
           </object>
          </void>
         </object>
        </void>
       </object>
      </void>
     </object>
    </void>
    <void method="add">
     <object class="gameandwatch.Item">
      <void property="gentil">
       <boolean>true</boolean>
      </void>
      <void property="trajectoire">
       <object class="gameandwatch.Trajectoire">
        <void property="points">
         <object class="java.util.ArrayList">
          <void method="add">
           <object class="gameandwatch.SpritePoint">
            <void property="point">
             <object class="gameandwatch.Point">
              <void property="x">
               <int>320</int>
              </void>
              <void property="y">
               <int>10</int>
              </void>
             </object>
            </void>
            <void property="sprite">
             <object class="gameandwatch.Sprite">
              <void property="nom">
               <string>Thug-Life-Glasses-PNG-02286_debut_course_2.png</string>
              </void>
             </object>
            </void>
           </object>
          </void>
          <void method="add">
           <object class="gameandwatch.SpritePoint">
            <void property="point">
             <object class="gameandwatch.Point">
              <void property="x">
               <int>250</int>
              </void>
              <void property="y">
               <int>110</int>
              </void>
             </object>
            </void>
            <void property="sprite">
             <object class="gameandwatch.Sprite">
              <void property="nom">
               <string>Thug-Life-Glasses-PNG-02286_apd_course_2.png</string>
              </void>
             </object>
            </void>
           </object>
          </void>
          <void method="add">
           <object class="gameandwatch.SpritePoint">
            <void property="point">
             <object class="gameandwatch.Point">
              <void property="x">
               <int>180</int>
              </void>
              <void property="y">
               <int>210</int>
              </void>
             </object>
            </void>
            <void property="sprite">
             <object class="gameandwatch.Sprite">
              <void property="nom">
               <string>Thug-Life-Glasses-PNG-02286_avf_course_2.png</string>
              </void>
             </object>
            </void>
           </object>
          </void>
          <void method="add">
           <object class="gameandwatch.SpritePoint">
            <void property="point">
             <object class="gameandwatch.Point">
              <void property="x">
               <int>110</int>
              </void>
              <void property="y">
               <int>310</int>
              </void>
             </object>
            </void>
            <void property="sprite">
             <object class="gameandwatch.Sprite">
              <void property="nom">
               <string>Thug-Life-Glasses-PNG-02286_bout_course_2.png</string>
              </void>
             </object>
            </void>
           </object>
          </void>
         </object>
        </void>
       </object>
      </void>
     </object>
    </void>
    <void method="add">
     <object class="gameandwatch.Item">
      <void property="gentil">
       <boolean>true</boolean>
      </void>
      <void property="trajectoire">
       <object class="gameandwatch.Trajectoire">
        <void property="points">
         <object class="java.util.ArrayList">
          <void method="add">
           <object class="gameandwatch.SpritePoint">
            <void property="point">
             <object class="gameandwatch.Point">
              <void property="x">
               <int>330</int>
              </void>
              <void property="y">
               <int>10</int>
              </void>
             </object>
            </void>
            <void property="sprite">
             <object class="gameandwatch.Sprite">
              <void property="nom">
               <string>Thug-Life-Glasses-PNG-02286_debut_course_3.png</string>
              </void>
             </object>
            </void>
           </object>
          </void>
          <void method="add">
           <object class="gameandwatch.SpritePoint">
            <void property="point">
             <object class="gameandwatch.Point">
              <void property="x">
               <int>290</int>
              </void>
              <void property="y">
               <int>110</int>
              </void>
             </object>
            </void>
            <void property="sprite">
             <object class="gameandwatch.Sprite">
              <void property="nom">
               <string>Thug-Life-Glasses-PNG-02286_apd_course_3.png</string>
              </void>
             </object>
            </void>
           </object>
          </void>
          <void method="add">
           <object class="gameandwatch.SpritePoint">
            <void property="point">
             <object class="gameandwatch.Point">
              <void property="x">
               <int>250</int>
              </void>
              <void property="y">
               <int>210</int>
              </void>
             </object>
            </void>
            <void property="sprite">
             <object class="gameandwatch.Sprite">
              <void property="nom">
               <string>Thug-Life-Glasses-PNG-02286_avf_course_3.png</string>
              </void>
             </object>
            </void>
           </object>
          </void>
          <void method="add">
           <object class="gameandwatch.SpritePoint">
            <void property="point">
             <object class="gameandwatch.Point">
              <void property="x">
               <int>210</int>
              </void>
              <void property="y">
               <int>310</int>
              </void>
             </object>
            </void>
            <void property="sprite">
             <object class="gameandwatch.Sprite">
              <void property="nom">
               <string>Thug-Life-Glasses-PNG-02286_bout_course_3.png</string>
              </void>
             </object>
            </void>
           </object>
          </void>
         </object>
        </void>
       </object>
      </void>
     </object>
    </void>
    <void method="add">
     <object class="gameandwatch.Item">
      <void property="gentil">
       <boolean>true</boolean>
      </void>
      <void property="trajectoire">
       <object class="gameandwatch.Trajectoire">
        <void property="points">
         <object class="java.util.ArrayList">
          <void method="add">
           <object class="gameandwatch.SpritePoint">
            <void property="point">
             <object class="gameandwatch.Point">
              <void property="x">
               <int>340</int>
              </void>
              <void property="y">
               <int>10</int>
              </void>
             </object>
            </void>
            <void property="sprite">
             <object class="gameandwatch.Sprite">
              <void property="nom">
               <string>Thug-Life-Glasses-PNG-02286_debut_course_4.png</string>
              </void>
             </object>
            </void>
           </object>
          </void>
          <void method="add">
           <object class="gameandwatch.SpritePoint">
            <void property="point">
             <object class="gameandwatch.Point">
              <void property="x">
               <int>330</int>
              </void>
              <void property="y">
               <int>110</int>
              </void>
             </object>
            </void>
            <void property="sprite">
             <object class="gameandwatch.Sprite">
              <void property="nom">
               <string>Thug-Life-Glasses-PNG-02286_apd_course_4.png</string>
              </void>
             </object>
            </void>
           </object>
          </void>
          <void method="add">
           <object class="gameandwatch.SpritePoint">
            <void property="point">
             <object class="gameandwatch.Point">
              <void property="x">
               <int>320</int>
              </void>
              <void property="y">
               <int>210</int>
              </void>
             </object>
            </void>
            <void property="sprite">
             <object class="gameandwatch.Sprite">
              <void property="nom">
               <string>Thug-Life-Glasses-PNG-02286_avf_course_4.png</string>
              </void>
             </object>
            </void>
           </object>
          </void>
          <void method="add">
           <object class="gameandwatch.SpritePoint">
            <void property="point">
             <object class="gameandwatch.Point">
              <void property="x">
               <int>310</int>
              </void>
              <void property="y">
               <int>310</int>
              </void>
             </object>
            </void>
            <void property="sprite">
             <object class="gameandwatch.Sprite">
              <void property="nom">
               <string>Thug-Life-Glasses-PNG-02286_bout_course_4.png</string>
              </void>
             </object>
            </void>
           </object>
          </void>
         </object>
        </void>
       </object>
      </void>
     </object>
    </void>
   </object>
  </void>
  <void property="player">
   <object class="gameandwatch.Player">
    <void property="trajectoire">
     <object class="gameandwatch.Trajectoire">
      <void property="points">
       <object class="java.util.ArrayList">
        <void method="add">
         <object class="gameandwatch.SpritePoint">
          <void property="point">
           <object class="gameandwatch.Point">
            <void property="x">
             <int>10</int>
            </void>
            <void property="y">
             <int>310</int>
            </void>
           </object>
          </void>
          <void property="sprite">
           <object class="gameandwatch.Sprite">
            <void property="nom">
             <string>Mr._Game_&amp;_Watch_1.png</string>
            </void>
           </object>
          </void>
         </object>
        </void>
        <void method="add">
         <object class="gameandwatch.SpritePoint">
          <void property="point">
           <object class="gameandwatch.Point">
            <void property="x">
             <int>110</int>
            </void>
            <void property="y">
             <int>310</int>
            </void>
           </object>
          </void>
          <void property="sprite">
           <object class="gameandwatch.Sprite">
            <void property="nom">
             <string>Mr._Game_&amp;_Watch_2.png</string>
            </void>
           </object>
          </void>
         </object>
        </void>
        <void method="add">
         <object class="gameandwatch.SpritePoint">
          <void property="point">
           <object class="gameandwatch.Point">
            <void property="x">
             <int>210</int>
            </void>
            <void property="y">
             <int>310</int>
            </void>
           </object>
          </void>
          <void property="sprite">
           <object class="gameandwatch.Sprite">
            <void property="nom">
             <string>Mr._Game_&amp;_Watch_3.png</string>
            </void>
           </object>
          </void>
         </object>
        </void>
        <void method="add">
         <object class="gameandwatch.SpritePoint">
          <void property="point">
           <object class="gameandwatch.Point">
            <void property="x">
             <int>310</int>
            </void>
            <void property="y">
             <int>310</int>
            </void>
           </object>
          </void>
          <void property="sprite">
           <object class="gameandwatch.Sprite">
            <void property="nom">
             <string>Mr._Game_&amp;_Watch_4.png</string>
            </void>
           </object>
          </void>
         </object>
        </void>
       </object>
      </void>
     </object>
    </void>
   </object>
  </void>
 </object>
</java>
